EPOCH,Train_Loss,Valid_Loss
0,1.252260635639059,0.8356914474413946
1,0.6564992018814745,0.659555624310787
2,0.475111467057261,0.6163458067637223
3,0.31586924349439555,0.5621011844621255
4,0.23126602725222192,0.7131140997203497
5,0.1862125538674922,0.62965526818656
6,0.12470909326883226,0.6680277386823525
7,0.09825529813252647,0.7321264240890741
8,0.0795985607044964,0.6870856638281391
9,0.06617035488758621,0.6948967550236446
